{"cameraMode":{"drawMode":0,"name":"Shaded","section":"Shading Mode"},"sceneLighting":true,"audioPlay":false,"sceneViewState":{"showFog":true,"showMaterialUpdate":true,"showSkybox":true,"showFlares":true,"showImageEffects":true,"showParticleSystems":true},"in2DMode":false,"pivot":{"x":-0.19833293557167054,"y":0.6390095949172974,"z":0.1975824385881424},"rotation":{"x":-0.6663585305213928,"y":-0.015221395529806614,"z":0.014479052275419236,"w":-0.7453650832176209},"size":1.8490350246429444,"orthographic":false}