{"cameraMode":{"drawMode":0,"name":"Shaded","section":"Shading Mode"},"sceneLighting":true,"audioPlay":false,"sceneViewState":{"showFog":true,"showMaterialUpdate":true,"showSkybox":true,"showFlares":true,"showImageEffects":true,"showParticleSystems":true},"in2DMode":false,"pivot":{"x":-1.2818527221679688,"y":-1.0982060432434083,"z":3.0554726123809816},"rotation":{"x":0.24840441346168519,"y":0.09740474820137024,"z":-0.02507421374320984,"w":0.9635151028633118},"size":8.095465660095215,"orthographic":false}