{"cameraMode":{"drawMode":0,"name":"Shaded","section":"Shading Mode"},"sceneLighting":true,"audioPlay":false,"sceneViewState":{"showFog":true,"showMaterialUpdate":true,"showSkybox":true,"showFlares":true,"showImageEffects":true,"showParticleSystems":true},"in2DMode":false,"pivot":{"x":475.65478515625,"y":2021.29052734375,"z":-69.48696899414063},"rotation":{"x":-0.02580093778669834,"y":0.03370112180709839,"z":-0.000778327404987067,"w":-0.9991812109947205},"size":839.69140625,"orthographic":false}