{"cameraMode":{"drawMode":0,"name":"Shaded","section":"Shading Mode"},"sceneLighting":true,"audioPlay":false,"sceneViewState":{"showFog":true,"showMaterialUpdate":true,"showSkybox":true,"showFlares":true,"showImageEffects":true,"showParticleSystems":true},"in2DMode":false,"pivot":{"x":229.08726501464845,"y":268.991455078125,"z":56.5595703125},"rotation":{"x":-0.1812629997730255,"y":-0.03666524216532707,"z":0.006793484557420015,"w":-0.9827443361282349},"size":945.81787109375,"orthographic":false}