{"cameraMode":{"drawMode":0,"name":"Shaded","section":"Shading Mode"},"sceneLighting":true,"audioPlay":false,"sceneViewState":{"showFog":true,"showMaterialUpdate":true,"showSkybox":true,"showFlares":true,"showImageEffects":true,"showParticleSystems":true},"in2DMode":false,"pivot":{"x":518.016845703125,"y":1871.2625732421875,"z":-134.5443115234375},"rotation":{"x":0.00809941440820694,"y":-0.035790469497442248,"z":-0.0002555553219281137,"w":-0.9993478655815125},"size":969.5479736328125,"orthographic":false}