{"cameraMode":{"drawMode":0,"name":"Shaded","section":"Shading Mode"},"sceneLighting":true,"audioPlay":false,"sceneViewState":{"showFog":true,"showMaterialUpdate":true,"showSkybox":true,"showFlares":true,"showImageEffects":true,"showParticleSystems":true},"in2DMode":false,"pivot":{"x":-112.86400604248047,"y":71.1099853515625,"z":729.5592041015625},"rotation":{"x":0.31825190782546999,"y":0.025360189378261567,"z":-0.008525911718606949,"w":0.9476509094238281},"size":2672.780029296875,"orthographic":false}