{"cameraMode":{"drawMode":0,"name":"Shaded","section":"Shading Mode"},"sceneLighting":true,"audioPlay":false,"sceneViewState":{"showFog":true,"showMaterialUpdate":true,"showSkybox":true,"showFlares":true,"showImageEffects":true,"showParticleSystems":true},"in2DMode":false,"pivot":{"x":-27.275390625,"y":0.666229248046875,"z":2.6748046875},"rotation":{"x":-0.008965850807726384,"y":-0.08688681572675705,"z":-0.0007820124155841768,"w":0.9961779713630676},"size":4.543441295623779,"orthographic":true}