{"cameraMode":{"drawMode":0,"name":"Shaded","section":"Shading Mode"},"sceneLighting":true,"audioPlay":false,"sceneViewState":{"showFog":true,"showMaterialUpdate":true,"showSkybox":true,"showFlares":true,"showImageEffects":true,"showParticleSystems":true},"in2DMode":false,"pivot":{"x":-0.20764315128326417,"y":-1.8223941326141358,"z":3.1971566677093508},"rotation":{"x":0.3500608503818512,"y":0.03511589765548706,"z":-0.013133984059095383,"w":0.9359798431396484},"size":7.617007255554199,"orthographic":false}