{"cameraMode":{"drawMode":0,"name":"Shaded","section":"Shading Mode"},"sceneLighting":true,"audioPlay":false,"sceneViewState":{"showFog":true,"showMaterialUpdate":true,"showSkybox":true,"showFlares":true,"showImageEffects":true,"showParticleSystems":true},"in2DMode":false,"pivot":{"x":-0.3571441173553467,"y":0.45872268080711367,"z":-0.09165239334106446},"rotation":{"x":0.04210902750492096,"y":0.5070854425430298,"z":-0.024818385019898416,"w":0.8605154156684876},"size":2.0105926990509035,"orthographic":false}