{"cameraMode":{"drawMode":0,"name":"Shaded","section":"Shading Mode"},"sceneLighting":true,"audioPlay":false,"sceneViewState":{"showFog":true,"showMaterialUpdate":true,"showSkybox":true,"showFlares":true,"showImageEffects":true,"showParticleSystems":true},"in2DMode":false,"pivot":{"x":-2.035372734069824,"y":1.708686351776123,"z":-1.0898921489715577},"rotation":{"x":0.44120481610298159,"y":0.08892825245857239,"z":-0.04380716010928154,"w":0.8920218348503113},"size":4.1812920570373539,"orthographic":false}