{"cameraMode":{"drawMode":0,"name":"Shaded","section":"Shading Mode"},"sceneLighting":true,"audioPlay":false,"sceneViewState":{"showFog":true,"showMaterialUpdate":true,"showSkybox":true,"showFlares":true,"showImageEffects":true,"showParticleSystems":true},"in2DMode":false,"pivot":{"x":-16.278955459594728,"y":12.264448165893555,"z":27.308748245239259},"rotation":{"x":0.23343181610107423,"y":0.3292149603366852,"z":-0.08437680453062058,"w":0.9111452102661133},"size":53.94077682495117,"orthographic":false}