{"cameraMode":{"drawMode":0,"name":"Shaded","section":"Shading Mode"},"sceneLighting":true,"audioPlay":false,"sceneViewState":{"showFog":true,"showMaterialUpdate":true,"showSkybox":true,"showFlares":true,"showImageEffects":true,"showParticleSystems":true},"in2DMode":false,"pivot":{"x":0.11554932594299317,"y":0.3543105125427246,"z":0.4293670654296875},"rotation":{"x":-0.20962713658809663,"y":-0.38611000776290896,"z":0.09060195088386536,"w":-0.8937615752220154},"size":3.4369444847106935,"orthographic":false}