{"cameraMode":{"drawMode":0,"name":"Shaded","section":"Shading Mode"},"sceneLighting":true,"audioPlay":false,"sceneViewState":{"showFog":true,"showMaterialUpdate":true,"showSkybox":true,"showFlares":true,"showImageEffects":true,"showParticleSystems":true},"in2DMode":false,"pivot":{"x":-0.3300952911376953,"y":1.770064353942871,"z":2.7000732421875},"rotation":{"x":-0.3675834834575653,"y":-0.22354556620121003,"z":0.09154852479696274,"w":-0.8981114029884338},"size":14.306100845336914,"orthographic":false}