{"cameraMode":{"drawMode":0,"name":"Shaded","section":"Shading Mode"},"sceneLighting":true,"audioPlay":false,"sceneViewState":{"showFog":true,"showMaterialUpdate":true,"showSkybox":true,"showFlares":true,"showImageEffects":true,"showParticleSystems":true},"in2DMode":false,"pivot":{"x":-16.63672637939453,"y":0.1170039176940918,"z":1.1882590055465699},"rotation":{"x":-0.24874530732631684,"y":-0.5764807462692261,"z":0.18993577361106873,"w":-0.7548219561576843},"size":5.91200590133667,"orthographic":false}