{"cameraMode":{"drawMode":0,"name":"Shaded","section":"Shading Mode"},"sceneLighting":true,"audioPlay":false,"sceneViewState":{"showFog":true,"showMaterialUpdate":true,"showSkybox":true,"showFlares":true,"showImageEffects":true,"showParticleSystems":true},"in2DMode":false,"pivot":{"x":338.9525146484375,"y":991.0490112304688,"z":617.523681640625},"rotation":{"x":-0.00810222513973713,"y":-0.002998266601935029,"z":-0.00003417583502596244,"w":0.9999728798866272},"size":2713.373291015625,"orthographic":false}