{"cameraMode":{"drawMode":0,"name":"Shaded","section":"Shading Mode"},"sceneLighting":true,"audioPlay":false,"sceneViewState":{"showFog":true,"showMaterialUpdate":true,"showSkybox":true,"showFlares":true,"showImageEffects":true,"showParticleSystems":true},"in2DMode":false,"pivot":{"x":0.048708319664001468,"y":1.3161929845809937,"z":2.306399345397949},"rotation":{"x":-0.34937015175819399,"y":-0.4546700417995453,"z":0.20005765557289124,"w":-0.7945806980133057},"size":2.415766716003418,"orthographic":false}