{"cameraMode":{"drawMode":0,"name":"Shaded","section":"Shading Mode"},"sceneLighting":true,"audioPlay":false,"sceneViewState":{"showFog":true,"showMaterialUpdate":true,"showSkybox":true,"showFlares":true,"showImageEffects":true,"showParticleSystems":true},"in2DMode":false,"pivot":{"x":420.87896728515627,"y":1808.072998046875,"z":-10.4237060546875},"rotation":{"x":-0.03389072045683861,"y":0.004700830671936274,"z":-0.00012814391811843961,"w":-0.9994338750839233},"size":996.885986328125,"orthographic":false}