{"cameraMode":{"drawMode":0,"name":"Shaded","section":"Shading Mode"},"sceneLighting":true,"audioPlay":false,"sceneViewState":{"showFog":true,"showMaterialUpdate":true,"showSkybox":true,"showFlares":true,"showImageEffects":true,"showParticleSystems":true},"in2DMode":false,"pivot":{"x":121.17672729492188,"y":109.16395568847656,"z":80.75189208984375},"rotation":{"x":-0.0011870022863149644,"y":0.004771536216139793,"z":0.0001847345265559852,"w":1.0000838041305543},"size":738.49462890625,"orthographic":false}