{"cameraMode":{"drawMode":0,"name":"Shaded","section":"Shading Mode"},"sceneLighting":true,"audioPlay":false,"sceneViewState":{"showFog":true,"showMaterialUpdate":true,"showSkybox":true,"showFlares":true,"showImageEffects":true,"showParticleSystems":true},"in2DMode":false,"pivot":{"x":-0.04493090510368347,"y":1.4129821062088013,"z":-2.5440001487731935},"rotation":{"x":0.41541582345962527,"y":-0.0013653779169544578,"z":0.0006192375440150499,"w":0.9096364378929138},"size":1.781651496887207,"orthographic":false}