{"cameraMode":{"drawMode":0,"name":"Shaded","section":"Shading Mode"},"sceneLighting":true,"audioPlay":false,"sceneViewState":{"showFog":true,"showMaterialUpdate":true,"showSkybox":true,"showFlares":true,"showImageEffects":true,"showParticleSystems":true},"in2DMode":false,"pivot":{"x":464.20745849609377,"y":1011.8182373046875,"z":48.5283203125},"rotation":{"x":-0.03389072045683861,"y":0.004700830671936274,"z":-0.00012814391811843961,"w":-0.9994338750839233},"size":2174.929443359375,"orthographic":false}