{"cameraMode":{"drawMode":0,"name":"Shaded","section":"Shading Mode"},"sceneLighting":true,"audioPlay":false,"sceneViewState":{"showFog":true,"showMaterialUpdate":true,"showSkybox":true,"showFlares":true,"showImageEffects":true,"showParticleSystems":true},"in2DMode":false,"pivot":{"x":656.406005859375,"y":965.05126953125,"z":621.8951416015625},"rotation":{"x":-0.11338265985250473,"y":-0.1467796266078949,"z":0.016976160928606988,"w":-0.9825236201286316},"size":2237.245361328125,"orthographic":false}