{"cameraMode":{"drawMode":0,"name":"Shaded","section":"Shading Mode"},"sceneLighting":true,"audioPlay":false,"sceneViewState":{"showFog":true,"showMaterialUpdate":true,"showSkybox":true,"showFlares":true,"showImageEffects":true,"showParticleSystems":true},"in2DMode":false,"pivot":{"x":-3.0242204666137697,"y":3.6007635593414308,"z":2.406198024749756},"rotation":{"x":0.19541415572166444,"y":0.30761146545410159,"z":-0.06470824778079987,"w":0.9290751218795776},"size":8.179677963256836,"orthographic":false}