{"cameraMode":{"drawMode":0,"name":"Shaded","section":"Shading Mode"},"sceneLighting":true,"audioPlay":false,"sceneViewState":{"showFog":true,"showMaterialUpdate":true,"showSkybox":true,"showFlares":true,"showImageEffects":true,"showParticleSystems":true},"in2DMode":false,"pivot":{"x":-0.6220247149467468,"y":0.6020286083221436,"z":0.7810728549957275},"rotation":{"x":0.25790128111839297,"y":0.0853709802031517,"z":-0.022884463891386987,"w":0.9621219635009766},"size":3.7032806873321535,"orthographic":false}