{"cameraMode":{"drawMode":0,"name":"Shaded","section":"Shading Mode"},"sceneLighting":true,"audioPlay":false,"sceneViewState":{"showFog":true,"showMaterialUpdate":true,"showSkybox":true,"showFlares":true,"showImageEffects":true,"showParticleSystems":true},"in2DMode":false,"pivot":{"x":0.5223865509033203,"y":0.6240217685699463,"z":0.6851553916931152},"rotation":{"x":-0.2111274003982544,"y":-0.18902984261512757,"z":0.04169275984168053,"w":-0.9581221342086792},"size":8.711170196533204,"orthographic":false}