{"cameraMode":{"drawMode":0,"name":"Shaded","section":"Shading Mode"},"sceneLighting":true,"audioPlay":false,"sceneViewState":{"showFog":true,"showMaterialUpdate":true,"showSkybox":true,"showFlares":true,"showImageEffects":true,"showParticleSystems":true},"in2DMode":false,"pivot":{"x":-25.77588653564453,"y":0.06991487741470337,"z":0.003042936325073242},"rotation":{"x":0.058495890349149707,"y":-0.9305036664009094,"z":0.17076627910137177,"w":0.3187785744667053},"size":2.2735226154327394,"orthographic":false}