{"cameraMode":{"drawMode":0,"name":"Shaded","section":"Shading Mode"},"sceneLighting":true,"audioPlay":false,"sceneViewState":{"showFog":true,"showMaterialUpdate":true,"showSkybox":true,"showFlares":true,"showImageEffects":true,"showParticleSystems":true},"in2DMode":false,"pivot":{"x":-1.2968690395355225,"y":0.3623732328414917,"z":0.7577556371688843},"rotation":{"x":-0.1922907531261444,"y":-0.19269081950187684,"z":0.03857110068202019,"w":-0.9614793658256531},"size":2.0343782901763918,"orthographic":false}