{"cameraMode":{"drawMode":0,"name":"Shaded","section":"Shading Mode"},"sceneLighting":true,"audioPlay":false,"sceneViewState":{"showFog":true,"showMaterialUpdate":true,"showSkybox":true,"showFlares":true,"showImageEffects":true,"showParticleSystems":true},"in2DMode":false,"pivot":{"x":2.6811487674713136,"y":-0.44906604290008547,"z":0.32487744092941286},"rotation":{"x":-0.10397470742464066,"y":-0.7138851881027222,"z":0.10857179015874863,"w":-0.6839730143547058},"size":6.9022698402404789,"orthographic":false}