{"cameraMode":{"drawMode":0,"name":"Shaded","section":"Shading Mode"},"sceneLighting":true,"audioPlay":false,"sceneViewState":{"showFog":true,"showMaterialUpdate":true,"showSkybox":true,"showFlares":true,"showImageEffects":true,"showParticleSystems":true},"in2DMode":false,"pivot":{"x":344.715087890625,"y":962.752197265625,"z":4.2060546875},"rotation":{"x":0.06382878124713898,"y":0.028440911322832109,"z":-0.0018317889189347625,"w":0.9975677728652954},"size":2263.05810546875,"orthographic":false}