{"cameraMode":{"drawMode":0,"name":"Shaded","section":"Shading Mode"},"sceneLighting":true,"audioPlay":false,"sceneViewState":{"showFog":true,"showMaterialUpdate":true,"showSkybox":true,"showFlares":true,"showImageEffects":true,"showParticleSystems":true},"in2DMode":false,"pivot":{"x":370.71929931640627,"y":789.0201416015625,"z":313.9990234375},"rotation":{"x":-0.008395853452384472,"y":-0.010298037901520729,"z":0.00012312731996644288,"w":-0.9999349117279053},"size":2163.595703125,"orthographic":false}