{"cameraMode":{"drawMode":0,"name":"Shaded","section":"Shading Mode"},"sceneLighting":true,"audioPlay":false,"sceneViewState":{"showFog":true,"showMaterialUpdate":true,"showSkybox":true,"showFlares":true,"showImageEffects":true,"showParticleSystems":true},"in2DMode":false,"pivot":{"x":479.58251953125,"y":1413.1561279296875,"z":-36.6866455078125},"rotation":{"x":-0.03389072045683861,"y":0.004700830671936274,"z":-0.00012814391811843961,"w":-0.9994338750839233},"size":1663.4061279296875,"orthographic":false}