{"cameraMode":{"drawMode":0,"name":"Shaded","section":"Shading Mode"},"sceneLighting":true,"audioPlay":false,"sceneViewState":{"showFog":true,"showMaterialUpdate":true,"showSkybox":true,"showFlares":true,"showImageEffects":true,"showParticleSystems":true},"in2DMode":false,"pivot":{"x":-1.1661555767059327,"y":-0.6189851760864258,"z":1.1652965545654297},"rotation":{"x":0.43179336190223696,"y":0.21446013450622559,"z":-0.10642881691455841,"w":0.8697212338447571},"size":8.409097671508789,"orthographic":false}