{"cameraMode":{"drawMode":0,"name":"Shaded","section":"Shading Mode"},"sceneLighting":true,"audioPlay":false,"sceneViewState":{"showFog":true,"showMaterialUpdate":false,"showSkybox":true,"showFlares":true,"showImageEffects":true,"showParticleSystems":true},"in2DMode":false,"pivot":{"x":-0.5762581825256348,"y":0.7650547027587891,"z":2.0350916385650636},"rotation":{"x":-0.40810027718544009,"y":-0.3850107491016388,"z":0.1953480839729309,"w":-0.8044129610061646},"size":5.4971489906311039,"orthographic":false}